sample	utc	online	ready_session	result
0	2026-08-09T05:47:45+00:00	1	1	ok
1	2026-08-09T05:47:47+00:00	1	1	ok
2	2026-08-09T05:47:49+00:00	1	1	ok
3	2026-08-09T05:47:51+00:00	1	1	ok
4	2026-08-09T05:47:53+00:00	1	1	ok
5	2026-08-09T05:47:55+00:00	1	1	ok
6	2026-08-09T05:47:57+00:00	1	1	ok
7	2026-08-09T05:47:59+00:00	1	1	ok
8	2026-08-09T05:48:01+00:00	1	1	ok
9	2026-08-09T05:48:03+00:00	1	1	ok
10	2026-08-09T05:48:05+00:00	1	1	ok
11	2026-08-09T05:48:07+00:00	1	1	ok
12	2026-08-09T05:48:09+00:00	1	1	ok
13	2026-08-09T05:48:11+00:00	1	1	ok
14	2026-08-09T05:48:14+00:00	1	1	ok
15	2026-08-09T05:48:16+00:00	1	1	ok
16	2026-08-09T05:48:18+00:00	1	1	ok
17	2026-08-09T05:48:20+00:00	1	1	ok
18	2026-08-09T05:48:22+00:00	1	1	ok
19	2026-08-09T05:48:24+00:00	1	1	ok
20	2026-08-09T05:48:26+00:00	1	1	ok
21	2026-08-09T05:48:28+00:00	1	1	ok
22	2026-08-09T05:48:30+00:00	1	1	ok
23	2026-08-09T05:48:32+00:00	1	1	ok
24	2026-08-09T05:48:34+00:00	1	1	ok
25	2026-08-09T05:48:36+00:00	1	1	ok
26	2026-08-09T05:48:38+00:00	1	1	ok
27	2026-08-09T05:48:40+00:00	1	1	ok
28	2026-08-09T05:48:42+00:00	1	1	ok
29	2026-08-09T05:48:44+00:00	1	1	ok
3	2026-08-09T05:48:48+00:00	1	1	ok
4	2026-08-09T05:48:50+00:00	1	1	ok
5	2026-08-09T05:49:02+00:00	1	1	ok
6	2026-08-09T05:49:04+00:00	1	1	ok
7	2026-08-09T05:49:06+00:00	1	1	ok
8	2026-08-09T05:49:09+00:00	1	1	ok
9	2026-08-09T05:49:11+00:00	1	1	ok
10	2026-08-09T05:49:21+00:00	1	1	ok
11	2026-08-09T05:49:23+00:00	1	1	ok
12	2026-08-09T05:49:25+00:00	1	1	ok
13	2026-08-09T05:49:28+00:00	1	1	ok
14	2026-08-09T05:49:30+00:00	1	1	ok
15	2026-08-09T05:49:41+00:00	1	1	ok
16	2026-08-09T05:49:43+00:00	1	1	ok
17	2026-08-09T05:49:45+00:00	1	1	ok
18	2026-08-09T05:49:47+00:00	1	1	ok
19	2026-08-09T05:49:49+00:00	1	1	ok
20	2026-08-09T05:50:02+00:00	1	1	ok
21	2026-08-09T05:50:04+00:00	1	1	ok
22	2026-08-09T05:50:07+00:00	1	1	ok
23	2026-08-09T05:50:09+00:00	1	1	ok
24	2026-08-09T05:50:11+00:00	1	1	ok
25	2026-08-09T05:50:23+00:00	1	1	ok
26	2026-08-09T05:50:25+00:00	1	1	ok
27	2026-08-09T05:50:27+00:00	1	1	ok
28	2026-08-09T05:50:29+00:00	1	1	ok
29	2026-08-09T05:50:31+00:00	1	1	ok
