/Users/mac/Documents/sesame robot/endpoint-gateway/src/sesame_endpoint_gateway/app.py	endpoint-gateway/src/sesame_endpoint_gateway/app.py
/Users/mac/Documents/sesame robot/endpoint-gateway/tests/test_device_stream.py	endpoint-gateway/tests/test_device_stream.py
/Users/mac/Documents/sesame robot/endpoint-gateway/README.md	endpoint-gateway/README.md
/Users/mac/.openclaw/workspace-sesame/AGENTS.md	openclaw/workspace-sesame/AGENTS.md
/Users/mac/.openclaw/workspace-sesame-learning/AGENTS.md	openclaw/workspace-sesame-learning/AGENTS.md
/Users/mac/.openclaw/workspace-sesame-children/AGENTS.md	openclaw/workspace-sesame-children/AGENTS.md
/Users/mac/.openclaw/workspace-sesame-work/AGENTS.md	openclaw/workspace-sesame-work/AGENTS.md
/Users/mac/Desktop/2/gateway/apps/voice_gateway/src/sesame_voice_gateway/openclaw/client.py	desktop2-gateway/apps/voice_gateway/src/sesame_voice_gateway/openclaw/client.py
/Users/mac/Desktop/2/gateway/apps/voice_gateway/src/sesame_voice_gateway/app.py	desktop2-gateway/apps/voice_gateway/src/sesame_voice_gateway/app.py
/Users/mac/Desktop/2/gateway/tests/test_response_plan.py	desktop2-gateway/tests/test_response_plan.py
/Users/mac/Desktop/2/gateway/tests/test_device_capabilities.py	desktop2-gateway/tests/test_device_capabilities.py
/Users/mac/Desktop/2/gateway/tests/test_gateway_protocol_hardening.py	desktop2-gateway/tests/test_gateway_protocol_hardening.py
/Users/mac/Desktop/2/contracts/schemas/agent-request.v1.schema.json	desktop2-contracts/schemas/agent-request.v1.schema.json
